familia,tipo,simbolo_main,Create,Move,Render,validacion_subtipos,validacion_textura,temporada,fuente
Sprite,blur,BITMAP_BLUR,GENERICA,EFIMERO / SEGUN CREACION,RENDER GENERICO (NO VALIDADO),,PENDIENTE,SIN CLASIFICAR,https://raw.githubusercontent.com/sven-n/MuMain/21728b1e5b03e0763b38ef9e23f79645e0df7ad2/src/bin/Data/Effects/SpriteTypes.json
Sprite,cloud64,BITMAP_CLUD64,GENERICA,EFIMERO / SEGUN CREACION,RENDER GENERICO (NO VALIDADO),,PENDIENTE,SIN CLASIFICAR,https://raw.githubusercontent.com/sven-n/MuMain/21728b1e5b03e0763b38ef9e23f79645e0df7ad2/src/bin/Data/Effects/SpriteTypes.json
Sprite,cloudLight,BITMAP_CLOUD+1,GENERICA,EFIMERO / SEGUN CREACION,RENDER GENERICO (NO VALIDADO),,PENDIENTE,SIN CLASIFICAR,https://raw.githubusercontent.com/sven-n/MuMain/21728b1e5b03e0763b38ef9e23f79645e0df7ad2/src/bin/Data/Effects/SpriteTypes.json
Sprite,dsEffect,BITMAP_DS_EFFECT,GENERICA,EFIMERO / SEGUN CREACION,RENDER GENERICO (NO VALIDADO),,PENDIENTE,SIN CLASIFICAR,https://raw.githubusercontent.com/sven-n/MuMain/21728b1e5b03e0763b38ef9e23f79645e0df7ad2/src/bin/Data/Effects/SpriteTypes.json
Sprite,dsShock,BITMAP_DS_SHOCK,GENERICA,EFIMERO / SEGUN CREACION,RENDER GENERICO (NO VALIDADO),,PENDIENTE,SIN CLASIFICAR,https://raw.githubusercontent.com/sven-n/MuMain/21728b1e5b03e0763b38ef9e23f79645e0df7ad2/src/bin/Data/Effects/SpriteTypes.json
Sprite,energy,BITMAP_ENERGY,GENERICA,EFIMERO / SEGUN CREACION,RENDER GENERICO (NO VALIDADO),,PENDIENTE,SIN CLASIFICAR,https://raw.githubusercontent.com/sven-n/MuMain/21728b1e5b03e0763b38ef9e23f79645e0df7ad2/src/bin/Data/Effects/SpriteTypes.json
Sprite,eventCloud,BITMAP_EVENT_CLOUD,GENERICA,EFIMERO / SEGUN CREACION,RENDER GENERICO (NO VALIDADO),,PENDIENTE,SIN CLASIFICAR,https://raw.githubusercontent.com/sven-n/MuMain/21728b1e5b03e0763b38ef9e23f79645e0df7ad2/src/bin/Data/Effects/SpriteTypes.json
Sprite,eye1,BITMAP_SHINY+3,GENERICA,EFIMERO / SEGUN CREACION,RENDER GENERICO (NO VALIDADO),,PENDIENTE,SIN CLASIFICAR,https://raw.githubusercontent.com/sven-n/MuMain/21728b1e5b03e0763b38ef9e23f79645e0df7ad2/src/bin/Data/Effects/SpriteTypes.json
Sprite,fire2,BITMAP_FIRE+1,GENERICA,EFIMERO / SEGUN CREACION,RENDER GENERICO (NO VALIDADO),,PENDIENTE,SIN CLASIFICAR,https://raw.githubusercontent.com/sven-n/MuMain/21728b1e5b03e0763b38ef9e23f79645e0df7ad2/src/bin/Data/Effects/SpriteTypes.json
Sprite,firecracker1,BITMAP_FIRECRACKER0001,GENERICA,EFIMERO / SEGUN CREACION,RENDER GENERICO (NO VALIDADO),,PENDIENTE,SIN CLASIFICAR,https://raw.githubusercontent.com/sven-n/MuMain/21728b1e5b03e0763b38ef9e23f79645e0df7ad2/src/bin/Data/Effects/SpriteTypes.json
Sprite,firecracker2,BITMAP_FIRECRACKER0002,GENERICA,EFIMERO / SEGUN CREACION,RENDER GENERICO (NO VALIDADO),,PENDIENTE,SIN CLASIFICAR,https://raw.githubusercontent.com/sven-n/MuMain/21728b1e5b03e0763b38ef9e23f79645e0df7ad2/src/bin/Data/Effects/SpriteTypes.json
Sprite,firecracker3,BITMAP_FIRECRACKER0003,GENERICA,EFIMERO / SEGUN CREACION,RENDER GENERICO (NO VALIDADO),,PENDIENTE,SIN CLASIFICAR,https://raw.githubusercontent.com/sven-n/MuMain/21728b1e5b03e0763b38ef9e23f79645e0df7ad2/src/bin/Data/Effects/SpriteTypes.json
Sprite,firecracker4,BITMAP_FIRECRACKER0004,GENERICA,EFIMERO / SEGUN CREACION,RENDER GENERICO (NO VALIDADO),,PENDIENTE,SIN CLASIFICAR,https://raw.githubusercontent.com/sven-n/MuMain/21728b1e5b03e0763b38ef9e23f79645e0df7ad2/src/bin/Data/Effects/SpriteTypes.json
Sprite,firecracker5,BITMAP_FIRECRACKER0005,GENERICA,EFIMERO / SEGUN CREACION,RENDER GENERICO (NO VALIDADO),,PENDIENTE,SIN CLASIFICAR,https://raw.githubusercontent.com/sven-n/MuMain/21728b1e5b03e0763b38ef9e23f79645e0df7ad2/src/bin/Data/Effects/SpriteTypes.json
Sprite,firecracker6,BITMAP_FIRECRACKER0006,GENERICA,EFIMERO / SEGUN CREACION,RENDER GENERICO (NO VALIDADO),,PENDIENTE,SIN CLASIFICAR,https://raw.githubusercontent.com/sven-n/MuMain/21728b1e5b03e0763b38ef9e23f79645e0df7ad2/src/bin/Data/Effects/SpriteTypes.json
Sprite,firecracker7,BITMAP_FIRECRACKER0007,GENERICA,EFIMERO / SEGUN CREACION,RENDER GENERICO (NO VALIDADO),,PENDIENTE,SIN CLASIFICAR,https://raw.githubusercontent.com/sven-n/MuMain/21728b1e5b03e0763b38ef9e23f79645e0df7ad2/src/bin/Data/Effects/SpriteTypes.json
Sprite,flame,BITMAP_FLAME,GENERICA,EFIMERO / SEGUN CREACION,RENDER GENERICO (NO VALIDADO),,PENDIENTE,SIN CLASIFICAR,https://raw.githubusercontent.com/sven-n/MuMain/21728b1e5b03e0763b38ef9e23f79645e0df7ad2/src/bin/Data/Effects/SpriteTypes.json
Sprite,flare,BITMAP_FLARE,GENERICA,EFIMERO / SEGUN CREACION,RENDER GENERICO (NO VALIDADO),,PENDIENTE,SIN CLASIFICAR,https://raw.githubusercontent.com/sven-n/MuMain/21728b1e5b03e0763b38ef9e23f79645e0df7ad2/src/bin/Data/Effects/SpriteTypes.json
Sprite,flare2,BITMAP_FLARE+1,GENERICA,EFIMERO / SEGUN CREACION,RENDER GENERICO (NO VALIDADO),,PENDIENTE,SIN CLASIFICAR,https://raw.githubusercontent.com/sven-n/MuMain/21728b1e5b03e0763b38ef9e23f79645e0df7ad2/src/bin/Data/Effects/SpriteTypes.json
Sprite,flareBlue,BITMAP_FLARE_BLUE,GENERICA,EFIMERO / SEGUN CREACION,RENDER GENERICO (NO VALIDADO),,PENDIENTE,SIN CLASIFICAR,https://raw.githubusercontent.com/sven-n/MuMain/21728b1e5b03e0763b38ef9e23f79645e0df7ad2/src/bin/Data/Effects/SpriteTypes.json
Sprite,flareRed,BITMAP_FLARE_RED,GENERICA,EFIMERO / SEGUN CREACION,RENDER GENERICO (NO VALIDADO),,PENDIENTE,SIN CLASIFICAR,https://raw.githubusercontent.com/sven-n/MuMain/21728b1e5b03e0763b38ef9e23f79645e0df7ad2/src/bin/Data/Effects/SpriteTypes.json
Sprite,hole,BITMAP_HOLE,GENERICA,EFIMERO / SEGUN CREACION,RENDER GENERICO (NO VALIDADO),,PENDIENTE,SIN CLASIFICAR,https://raw.githubusercontent.com/sven-n/MuMain/21728b1e5b03e0763b38ef9e23f79645e0df7ad2/src/bin/Data/Effects/SpriteTypes.json
Sprite,impact,BITMAP_IMPACT,GENERICA,EFIMERO / SEGUN CREACION,RENDER GENERICO (NO VALIDADO),,PENDIENTE,SIN CLASIFICAR,https://raw.githubusercontent.com/sven-n/MuMain/21728b1e5b03e0763b38ef9e23f79645e0df7ad2/src/bin/Data/Effects/SpriteTypes.json
Sprite,impact1,BITMAP_LIGHT+3,GENERICA,EFIMERO / SEGUN CREACION,RENDER GENERICO (NO VALIDADO),,PENDIENTE,SIN CLASIFICAR,https://raw.githubusercontent.com/sven-n/MuMain/21728b1e5b03e0763b38ef9e23f79645e0df7ad2/src/bin/Data/Effects/SpriteTypes.json
Sprite,impact3,BITMAP_LIGHT+1,GENERICA,EFIMERO / SEGUN CREACION,RENDER GENERICO (NO VALIDADO),,PENDIENTE,SIN CLASIFICAR,https://raw.githubusercontent.com/sven-n/MuMain/21728b1e5b03e0763b38ef9e23f79645e0df7ad2/src/bin/Data/Effects/SpriteTypes.json
Sprite,kanturu2ndEffect1,BITMAP_KANTURU_2ND_EFFECT1,GENERICA,EFIMERO / SEGUN CREACION,RENDER GENERICO (NO VALIDADO),,PENDIENTE,SIN CLASIFICAR,https://raw.githubusercontent.com/sven-n/MuMain/21728b1e5b03e0763b38ef9e23f79645e0df7ad2/src/bin/Data/Effects/SpriteTypes.json
Sprite,light,BITMAP_LIGHT,GENERICA,EFIMERO / SEGUN CREACION,RENDER GENERICO (NO VALIDADO),,PENDIENTE,SIN CLASIFICAR,https://raw.githubusercontent.com/sven-n/MuMain/21728b1e5b03e0763b38ef9e23f79645e0df7ad2/src/bin/Data/Effects/SpriteTypes.json
Sprite,lightMarks,BITMAP_LIGHT_MARKS,GENERICA,EFIMERO / SEGUN CREACION,RENDER GENERICO (NO VALIDADO),,PENDIENTE,SIN CLASIFICAR,https://raw.githubusercontent.com/sven-n/MuMain/21728b1e5b03e0763b38ef9e23f79645e0df7ad2/src/bin/Data/Effects/SpriteTypes.json
Sprite,lightMarks2,BITMAP_LIGHTMARKS,GENERICA,EFIMERO / SEGUN CREACION,RENDER GENERICO (NO VALIDADO),,PENDIENTE,SIN CLASIFICAR,https://raw.githubusercontent.com/sven-n/MuMain/21728b1e5b03e0763b38ef9e23f79645e0df7ad2/src/bin/Data/Effects/SpriteTypes.json
Sprite,lightMarksForeign,BITMAP_LIGHTMARKS_FOREIGN,GENERICA,EFIMERO / SEGUN CREACION,RENDER GENERICO (NO VALIDADO),,PENDIENTE,SIN CLASIFICAR,https://raw.githubusercontent.com/sven-n/MuMain/21728b1e5b03e0763b38ef9e23f79645e0df7ad2/src/bin/Data/Effects/SpriteTypes.json
Sprite,lightRed,BITMAP_LIGHT_RED,GENERICA,EFIMERO / SEGUN CREACION,RENDER GENERICO (NO VALIDADO),,PENDIENTE,SIN CLASIFICAR,https://raw.githubusercontent.com/sven-n/MuMain/21728b1e5b03e0763b38ef9e23f79645e0df7ad2/src/bin/Data/Effects/SpriteTypes.json
Sprite,lightning2,BITMAP_LIGHTNING+1,GENERICA,EFIMERO / SEGUN CREACION,RENDER GENERICO (NO VALIDADO),,PENDIENTE,SIN CLASIFICAR,https://raw.githubusercontent.com/sven-n/MuMain/21728b1e5b03e0763b38ef9e23f79645e0df7ad2/src/bin/Data/Effects/SpriteTypes.json
Sprite,lightningMega1,BITMAP_LIGHTNING_MEGA1,GENERICA,EFIMERO / SEGUN CREACION,RENDER GENERICO (NO VALIDADO),,PENDIENTE,SIN CLASIFICAR,https://raw.githubusercontent.com/sven-n/MuMain/21728b1e5b03e0763b38ef9e23f79645e0df7ad2/src/bin/Data/Effects/SpriteTypes.json
Sprite,lightningMega2,BITMAP_LIGHTNING_MEGA2,GENERICA,EFIMERO / SEGUN CREACION,RENDER GENERICO (NO VALIDADO),,PENDIENTE,SIN CLASIFICAR,https://raw.githubusercontent.com/sven-n/MuMain/21728b1e5b03e0763b38ef9e23f79645e0df7ad2/src/bin/Data/Effects/SpriteTypes.json
Sprite,lightningMega3,BITMAP_LIGHTNING_MEGA3,GENERICA,EFIMERO / SEGUN CREACION,RENDER GENERICO (NO VALIDADO),,PENDIENTE,SIN CLASIFICAR,https://raw.githubusercontent.com/sven-n/MuMain/21728b1e5b03e0763b38ef9e23f79645e0df7ad2/src/bin/Data/Effects/SpriteTypes.json
Sprite,magic,BITMAP_MAGIC,GENERICA,EFIMERO / SEGUN CREACION,RENDER GENERICO (NO VALIDADO),,PENDIENTE,SIN CLASIFICAR,https://raw.githubusercontent.com/sven-n/MuMain/21728b1e5b03e0763b38ef9e23f79645e0df7ad2/src/bin/Data/Effects/SpriteTypes.json
Sprite,magicGround2,BITMAP_MAGIC+1,GENERICA,EFIMERO / SEGUN CREACION,RENDER GENERICO (NO VALIDADO),,PENDIENTE,SIN CLASIFICAR,https://raw.githubusercontent.com/sven-n/MuMain/21728b1e5b03e0763b38ef9e23f79645e0df7ad2/src/bin/Data/Effects/SpriteTypes.json
Sprite,orora,BITMAP_ORORA,GENERICA,EFIMERO / SEGUN CREACION,RENDER GENERICO (NO VALIDADO),,PENDIENTE,SIN CLASIFICAR,https://raw.githubusercontent.com/sven-n/MuMain/21728b1e5b03e0763b38ef9e23f79645e0df7ad2/src/bin/Data/Effects/SpriteTypes.json
Sprite,pinLight,BITMAP_PIN_LIGHT,GENERICA,EFIMERO / SEGUN CREACION,RENDER GENERICO (NO VALIDADO),,PENDIENTE,SIN CLASIFICAR,https://raw.githubusercontent.com/sven-n/MuMain/21728b1e5b03e0763b38ef9e23f79645e0df7ad2/src/bin/Data/Effects/SpriteTypes.json
Sprite,poundingBall,BITMAP_POUNDING_BALL,GENERICA,EFIMERO / SEGUN CREACION,RENDER GENERICO (NO VALIDADO),,PENDIENTE,SIN CLASIFICAR,https://raw.githubusercontent.com/sven-n/MuMain/21728b1e5b03e0763b38ef9e23f79645e0df7ad2/src/bin/Data/Effects/SpriteTypes.json
Sprite,shiny,BITMAP_SHINY,GENERICA,EFIMERO / SEGUN CREACION,RENDER GENERICO (NO VALIDADO),,PENDIENTE,SIN CLASIFICAR,https://raw.githubusercontent.com/sven-n/MuMain/21728b1e5b03e0763b38ef9e23f79645e0df7ad2/src/bin/Data/Effects/SpriteTypes.json
Sprite,shiny2,BITMAP_SHINY+1,GENERICA,EFIMERO / SEGUN CREACION,RENDER GENERICO (NO VALIDADO),,PENDIENTE,SIN CLASIFICAR,https://raw.githubusercontent.com/sven-n/MuMain/21728b1e5b03e0763b38ef9e23f79645e0df7ad2/src/bin/Data/Effects/SpriteTypes.json
Sprite,shiny3,BITMAP_SHINY+2,GENERICA,EFIMERO / SEGUN CREACION,RENDER GENERICO (NO VALIDADO),,PENDIENTE,SIN CLASIFICAR,https://raw.githubusercontent.com/sven-n/MuMain/21728b1e5b03e0763b38ef9e23f79645e0df7ad2/src/bin/Data/Effects/SpriteTypes.json
Sprite,shiny4,BITMAP_SHINY+5,GENERICA,EFIMERO / SEGUN CREACION,RENDER GENERICO (NO VALIDADO),,PENDIENTE,SIN CLASIFICAR,https://raw.githubusercontent.com/sven-n/MuMain/21728b1e5b03e0763b38ef9e23f79645e0df7ad2/src/bin/Data/Effects/SpriteTypes.json
Sprite,shiny5,BITMAP_SHINY+6,GENERICA,EFIMERO / SEGUN CREACION,RENDER GENERICO (NO VALIDADO),,PENDIENTE,SIN CLASIFICAR,https://raw.githubusercontent.com/sven-n/MuMain/21728b1e5b03e0763b38ef9e23f79645e0df7ad2/src/bin/Data/Effects/SpriteTypes.json
Sprite,shockWave,BITMAP_SHOCK_WAVE,GENERICA,EFIMERO / SEGUN CREACION,RENDER GENERICO (NO VALIDADO),,PENDIENTE,SIN CLASIFICAR,https://raw.githubusercontent.com/sven-n/MuMain/21728b1e5b03e0763b38ef9e23f79645e0df7ad2/src/bin/Data/Effects/SpriteTypes.json
Sprite,skull,BITMAP_SKULL,GENERICA,EFIMERO / SEGUN CREACION,RENDER GENERICO (NO VALIDADO),,PENDIENTE,SIN CLASIFICAR,https://raw.githubusercontent.com/sven-n/MuMain/21728b1e5b03e0763b38ef9e23f79645e0df7ad2/src/bin/Data/Effects/SpriteTypes.json
Sprite,smoke,BITMAP_SMOKE,GENERICA,EFIMERO / SEGUN CREACION,RENDER GENERICO (NO VALIDADO),,PENDIENTE,SIN CLASIFICAR,https://raw.githubusercontent.com/sven-n/MuMain/21728b1e5b03e0763b38ef9e23f79645e0df7ad2/src/bin/Data/Effects/SpriteTypes.json
Sprite,spark,BITMAP_SPARK,GENERICA,EFIMERO / SEGUN CREACION,RENDER GENERICO (NO VALIDADO),,PENDIENTE,SIN CLASIFICAR,https://raw.githubusercontent.com/sven-n/MuMain/21728b1e5b03e0763b38ef9e23f79645e0df7ad2/src/bin/Data/Effects/SpriteTypes.json
Sprite,spark3,BITMAP_SPARK+1,GENERICA,EFIMERO / SEGUN CREACION,RENDER GENERICO (NO VALIDADO),,PENDIENTE,SIN CLASIFICAR,https://raw.githubusercontent.com/sven-n/MuMain/21728b1e5b03e0763b38ef9e23f79645e0df7ad2/src/bin/Data/Effects/SpriteTypes.json
Sprite,swordEffectMono,BITMAP_SWORD_EFFECT_MONO,GENERICA,EFIMERO / SEGUN CREACION,RENDER GENERICO (NO VALIDADO),,PENDIENTE,SIN CLASIFICAR,https://raw.githubusercontent.com/sven-n/MuMain/21728b1e5b03e0763b38ef9e23f79645e0df7ad2/src/bin/Data/Effects/SpriteTypes.json
Sprite,waterfall2,BITMAP_WATERFALL_2,GENERICA,EFIMERO / SEGUN CREACION,RENDER GENERICO (NO VALIDADO),,PENDIENTE,SIN CLASIFICAR,https://raw.githubusercontent.com/sven-n/MuMain/21728b1e5b03e0763b38ef9e23f79645e0df7ad2/src/bin/Data/Effects/SpriteTypes.json
Sprite,waterfall4,BITMAP_WATERFALL_4,GENERICA,EFIMERO / SEGUN CREACION,RENDER GENERICO (NO VALIDADO),,PENDIENTE,SIN CLASIFICAR,https://raw.githubusercontent.com/sven-n/MuMain/21728b1e5b03e0763b38ef9e23f79645e0df7ad2/src/bin/Data/Effects/SpriteTypes.json
