tipo,simbolo_main,metadatos_create,subtipos_metadatos,subtipo_en_cliente,tipo_cliente,Create,Move,Render,dependencias_identificadas,modelo_BMD_local,archivo_BMD,referencias_CreateEffect_nativas,prioridad,temporada,fidelidad_visual,fuente_metadatos,fuente_movimiento
piercing,MODEL_PIERCING,NO,,,,NO DETECTADO,NO DETECTADO,NO DETECTADO,sprite|joint|terreno|owner,,No verificado,7,P1 - verificar S6,SIN CLASIFICAR - fuente S6 necesaria,NO VALIDADA,https://raw.githubusercontent.com/sven-n/MuMain/21728b1e5b03e0763b38ef9e23f79645e0df7ad2/src/bin/Data/Effects/EffectTypes.json,https://raw.githubusercontent.com/sven-n/MuMain/21728b1e5b03e0763b38ef9e23f79645e0df7ad2/src/source/Render/Effects/Behaviors/MoveHandlers.cpp
skillInferno,MODEL_SKILL_INFERNO,NO,,,,NO DETECTADO,NO DETECTADO,NO DETECTADO,terreno|owner,,No verificado,7,P1 - verificar S6,SIN CLASIFICAR - fuente S6 necesaria,NO VALIDADA,https://raw.githubusercontent.com/sven-n/MuMain/21728b1e5b03e0763b38ef9e23f79645e0df7ad2/src/bin/Data/Effects/EffectTypes.json,https://raw.githubusercontent.com/sven-n/MuMain/21728b1e5b03e0763b38ef9e23f79645e0df7ad2/src/source/Render/Effects/Behaviors/MoveHandlers.cpp
fireCursedLich,BITMAP_FIRE_CURSEDLICH,SI,0|1|2|12|3,,,NO DETECTADO,NO DETECTADO,NO DETECTADO,modelo/bone|sprite|particle|owner,,No verificado,6,P1 - verificar S6,SIN CLASIFICAR - fuente S6 necesaria,NO VALIDADA,https://raw.githubusercontent.com/sven-n/MuMain/21728b1e5b03e0763b38ef9e23f79645e0df7ad2/src/bin/Data/Effects/EffectTypes.json,https://raw.githubusercontent.com/sven-n/MuMain/21728b1e5b03e0763b38ef9e23f79645e0df7ad2/src/source/Render/Effects/Behaviors/MoveHandlers.cpp
waves,MODEL_WAVES,NO,,,,NO DETECTADO,NO DETECTADO,NO DETECTADO,vida/movimiento,,No verificado,6,P1 - verificar S6,SIN CLASIFICAR - fuente S6 necesaria,NO VALIDADA,https://raw.githubusercontent.com/sven-n/MuMain/21728b1e5b03e0763b38ef9e23f79645e0df7ad2/src/bin/Data/Effects/EffectTypes.json,https://raw.githubusercontent.com/sven-n/MuMain/21728b1e5b03e0763b38ef9e23f79645e0df7ad2/src/source/Render/Effects/Behaviors/MoveHandlers.cpp
crater,BITMAP_CRATER,SI,0|1|2,,,NO DETECTADO,NO DETECTADO,NO DETECTADO,terreno,,No verificado,5,P1 - verificar S6,SIN CLASIFICAR - fuente S6 necesaria,NO VALIDADA,https://raw.githubusercontent.com/sven-n/MuMain/21728b1e5b03e0763b38ef9e23f79645e0df7ad2/src/bin/Data/Effects/EffectTypes.json,https://raw.githubusercontent.com/sven-n/MuMain/21728b1e5b03e0763b38ef9e23f79645e0df7ad2/src/source/Render/Effects/Behaviors/MoveHandlers.cpp
magicGround2,BITMAP_MAGIC+1,NO,,,,NO DETECTADO,NO DETECTADO,NO DETECTADO,no localizado,,No verificado,5,P1 - verificar S6,SIN CLASIFICAR - fuente S6 necesaria,NO VALIDADA,https://raw.githubusercontent.com/sven-n/MuMain/21728b1e5b03e0763b38ef9e23f79645e0df7ad2/src/bin/Data/Effects/EffectTypes.json,https://raw.githubusercontent.com/sven-n/MuMain/21728b1e5b03e0763b38ef9e23f79645e0df7ad2/src/source/Render/Effects/Behaviors/MoveHandlers.cpp
changeUpNasa,MODEL_CHANGE_UP_NASA,SI,1|2|3,,,NO DETECTADO,NO DETECTADO,NO DETECTADO,effect hijo,,No verificado,3,P1 - verificar S6,SIN CLASIFICAR - fuente S6 necesaria,NO VALIDADA,https://raw.githubusercontent.com/sven-n/MuMain/21728b1e5b03e0763b38ef9e23f79645e0df7ad2/src/bin/Data/Effects/EffectTypes.json,https://raw.githubusercontent.com/sven-n/MuMain/21728b1e5b03e0763b38ef9e23f79645e0df7ad2/src/source/Render/Effects/Behaviors/MoveHandlers.cpp
shockWave1,MODEL_SHOCKWAVE01,NO,,,,NO DETECTADO,NO DETECTADO,NO DETECTADO,vida/movimiento,,No verificado,3,P1 - verificar S6,SIN CLASIFICAR - fuente S6 necesaria,NO VALIDADA,https://raw.githubusercontent.com/sven-n/MuMain/21728b1e5b03e0763b38ef9e23f79645e0df7ad2/src/bin/Data/Effects/EffectTypes.json,https://raw.githubusercontent.com/sven-n/MuMain/21728b1e5b03e0763b38ef9e23f79645e0df7ad2/src/source/Render/Effects/Behaviors/MoveHandlers.cpp
laser,MODEL_LASER,NO,,,,NO DETECTADO,NO DETECTADO,NO DETECTADO,vida/movimiento,,No verificado,2,P1 - verificar S6,SIN CLASIFICAR - fuente S6 necesaria,NO VALIDADA,https://raw.githubusercontent.com/sven-n/MuMain/21728b1e5b03e0763b38ef9e23f79645e0df7ad2/src/bin/Data/Effects/EffectTypes.json,https://raw.githubusercontent.com/sven-n/MuMain/21728b1e5b03e0763b38ef9e23f79645e0df7ad2/src/source/Render/Effects/Behaviors/MoveHandlers.cpp
shockWaveGround1,MODEL_SHOCKWAVE_GROUND01,SI,0|2,,,NO DETECTADO,NO DETECTADO,NO DETECTADO,vida/movimiento,,No verificado,2,P1 - verificar S6,SIN CLASIFICAR - fuente S6 necesaria,NO VALIDADA,https://raw.githubusercontent.com/sven-n/MuMain/21728b1e5b03e0763b38ef9e23f79645e0df7ad2/src/bin/Data/Effects/EffectTypes.json,https://raw.githubusercontent.com/sven-n/MuMain/21728b1e5b03e0763b38ef9e23f79645e0df7ad2/src/source/Render/Effects/Behaviors/MoveHandlers.cpp
shockWaveSpin1,MODEL_SHOCKWAVE_SPIN01,NO,,,,NO DETECTADO,NO DETECTADO,NO DETECTADO,vida/movimiento,,No verificado,2,P1 - verificar S6,SIN CLASIFICAR - fuente S6 necesaria,NO VALIDADA,https://raw.githubusercontent.com/sven-n/MuMain/21728b1e5b03e0763b38ef9e23f79645e0df7ad2/src/bin/Data/Effects/EffectTypes.json,https://raw.githubusercontent.com/sven-n/MuMain/21728b1e5b03e0763b38ef9e23f79645e0df7ad2/src/source/Render/Effects/Behaviors/MoveHandlers.cpp
windForce,MODEL_WINDFOCE,SI,1|2|3,,,NO DETECTADO,NO DETECTADO,NO DETECTADO,effect hijo|owner,,No verificado,2,P1 - verificar S6,SIN CLASIFICAR - fuente S6 necesaria,NO VALIDADA,https://raw.githubusercontent.com/sven-n/MuMain/21728b1e5b03e0763b38ef9e23f79645e0df7ad2/src/bin/Data/Effects/EffectTypes.json,https://raw.githubusercontent.com/sven-n/MuMain/21728b1e5b03e0763b38ef9e23f79645e0df7ad2/src/source/Render/Effects/Behaviors/MoveHandlers.cpp
arrowAutoLoad,MODEL_ARROW_AUTOLOAD,SI,0|1,,,NO DETECTADO,NO DETECTADO,NO DETECTADO,modelo/bone|effect hijo|owner,,No verificado,1,P1 - verificar S6,SIN CLASIFICAR - fuente S6 necesaria,NO VALIDADA,https://raw.githubusercontent.com/sven-n/MuMain/21728b1e5b03e0763b38ef9e23f79645e0df7ad2/src/bin/Data/Effects/EffectTypes.json,https://raw.githubusercontent.com/sven-n/MuMain/21728b1e5b03e0763b38ef9e23f79645e0df7ad2/src/source/Render/Effects/Behaviors/MoveHandlers.cpp
blowOfDestruction,MODEL_BLOW_OF_DESTRUCTION,NO,,,,NO DETECTADO,NO DETECTADO,NO DETECTADO,particle|effect hijo|owner,,No verificado,1,P1 - verificar S6,SIN CLASIFICAR - fuente S6 necesaria,NO VALIDADA,https://raw.githubusercontent.com/sven-n/MuMain/21728b1e5b03e0763b38ef9e23f79645e0df7ad2/src/bin/Data/Effects/EffectTypes.json,https://raw.githubusercontent.com/sven-n/MuMain/21728b1e5b03e0763b38ef9e23f79645e0df7ad2/src/source/Render/Effects/Behaviors/MoveHandlers.cpp
fenrirThunder,MODEL_FENRIR_THUNDER,NO,,,,NO DETECTADO,NO DETECTADO,NO DETECTADO,vida/movimiento,,No verificado,1,P1 - verificar S6,SIN CLASIFICAR - fuente S6 necesaria,NO VALIDADA,https://raw.githubusercontent.com/sven-n/MuMain/21728b1e5b03e0763b38ef9e23f79645e0df7ad2/src/bin/Data/Effects/EffectTypes.json,https://raw.githubusercontent.com/sven-n/MuMain/21728b1e5b03e0763b38ef9e23f79645e0df7ad2/src/source/Render/Effects/Behaviors/MoveHandlers.cpp
infinityArrow,MODEL_INFINITY_ARROW,NO,,,,NO DETECTADO,NO DETECTADO,NO DETECTADO,modelo/bone|owner,,No verificado,1,P1 - verificar S6,SIN CLASIFICAR - fuente S6 necesaria,NO VALIDADA,https://raw.githubusercontent.com/sven-n/MuMain/21728b1e5b03e0763b38ef9e23f79645e0df7ad2/src/bin/Data/Effects/EffectTypes.json,https://raw.githubusercontent.com/sven-n/MuMain/21728b1e5b03e0763b38ef9e23f79645e0df7ad2/src/source/Render/Effects/Behaviors/MoveHandlers.cpp
lightningOrb,MODEL_LIGHTNING_ORB,SI,0|1,,,NO DETECTADO,NO DETECTADO,NO DETECTADO,no localizado,,No verificado,1,P1 - verificar S6,SIN CLASIFICAR - fuente S6 necesaria,NO VALIDADA,https://raw.githubusercontent.com/sven-n/MuMain/21728b1e5b03e0763b38ef9e23f79645e0df7ad2/src/bin/Data/Effects/EffectTypes.json,https://raw.githubusercontent.com/sven-n/MuMain/21728b1e5b03e0763b38ef9e23f79645e0df7ad2/src/source/Render/Effects/Behaviors/MoveHandlers.cpp
skillWheel2,MODEL_SKILL_WHEEL2,NO,,,,NO DETECTADO,NO DETECTADO,NO DETECTADO,sprite|particle|joint|terreno|owner,,No verificado,1,P1 - verificar S6,SIN CLASIFICAR - fuente S6 necesaria,NO VALIDADA,https://raw.githubusercontent.com/sven-n/MuMain/21728b1e5b03e0763b38ef9e23f79645e0df7ad2/src/bin/Data/Effects/EffectTypes.json,https://raw.githubusercontent.com/sven-n/MuMain/21728b1e5b03e0763b38ef9e23f79645e0df7ad2/src/source/Render/Effects/Behaviors/MoveHandlers.cpp
magicCircle1,BITMAP_MAGIC+2,NO,,,,NO DETECTADO,NO DETECTADO,NO DETECTADO,no localizado,,No verificado,0,P1 - verificar S6,SIN CLASIFICAR - fuente S6 necesaria,NO VALIDADA,https://raw.githubusercontent.com/sven-n/MuMain/21728b1e5b03e0763b38ef9e23f79645e0df7ad2/src/bin/Data/Effects/EffectTypes.json,https://raw.githubusercontent.com/sven-n/MuMain/21728b1e5b03e0763b38ef9e23f79645e0df7ad2/src/source/Render/Effects/Behaviors/MoveHandlers.cpp
swordEffectMono,BITMAP_SWORD_EFFECT_MONO,SI,no especificados en metadatos,,,NO DETECTADO,NO DETECTADO,NO DETECTADO,particle|effect hijo|owner,,No verificado,0,P1 - verificar S6,SIN CLASIFICAR - fuente S6 necesaria,NO VALIDADA,https://raw.githubusercontent.com/sven-n/MuMain/21728b1e5b03e0763b38ef9e23f79645e0df7ad2/src/bin/Data/Effects/EffectTypes.json,https://raw.githubusercontent.com/sven-n/MuMain/21728b1e5b03e0763b38ef9e23f79645e0df7ad2/src/source/Render/Effects/Behaviors/MoveHandlers.cpp
aliceBuffSkillEffect,MODEL_ALICE_BUFFSKILL_EFFECT,SI,0|1|2|3|4,,,NO DETECTADO,NO DETECTADO,NO DETECTADO,modelo/bone|sprite|particle|joint|owner,,No verificado,0,P1 - verificar S6,SIN CLASIFICAR - fuente S6 necesaria,NO VALIDADA,https://raw.githubusercontent.com/sven-n/MuMain/21728b1e5b03e0763b38ef9e23f79645e0df7ad2/src/bin/Data/Effects/EffectTypes.json,https://raw.githubusercontent.com/sven-n/MuMain/21728b1e5b03e0763b38ef9e23f79645e0df7ad2/src/source/Render/Effects/Behaviors/MoveHandlers.cpp
aliceBuffSkillEffect2,MODEL_ALICE_BUFFSKILL_EFFECT2,SI,no especificados en metadatos,,,NO DETECTADO,NO DETECTADO,NO DETECTADO,no localizado,,No verificado,0,P1 - verificar S6,SIN CLASIFICAR - fuente S6 necesaria,NO VALIDADA,https://raw.githubusercontent.com/sven-n/MuMain/21728b1e5b03e0763b38ef9e23f79645e0df7ad2/src/bin/Data/Effects/EffectTypes.json,https://raw.githubusercontent.com/sven-n/MuMain/21728b1e5b03e0763b38ef9e23f79645e0df7ad2/src/source/Render/Effects/Behaviors/MoveHandlers.cpp
aliceDrainLife,MODEL_ALICE_DRAIN_LIFE,SI,0,,,NO DETECTADO,NO DETECTADO,NO DETECTADO,modelo/bone|particle|joint|owner,,No verificado,0,P1 - verificar S6,SIN CLASIFICAR - fuente S6 necesaria,NO VALIDADA,https://raw.githubusercontent.com/sven-n/MuMain/21728b1e5b03e0763b38ef9e23f79645e0df7ad2/src/bin/Data/Effects/EffectTypes.json,https://raw.githubusercontent.com/sven-n/MuMain/21728b1e5b03e0763b38ef9e23f79645e0df7ad2/src/source/Render/Effects/Behaviors/MoveHandlers.cpp
magic2,MODEL_MAGIC2,NO,,,,NO DETECTADO,NO DETECTADO,NO DETECTADO,sprite|particle|terreno,,No verificado,0,P1 - verificar S6,SIN CLASIFICAR - fuente S6 necesaria,NO VALIDADA,https://raw.githubusercontent.com/sven-n/MuMain/21728b1e5b03e0763b38ef9e23f79645e0df7ad2/src/bin/Data/Effects/EffectTypes.json,https://raw.githubusercontent.com/sven-n/MuMain/21728b1e5b03e0763b38ef9e23f79645e0df7ad2/src/source/Render/Effects/Behaviors/MoveHandlers.cpp
lightSpear,MODEL_SPEAR,SI,no especificados en metadatos,,,NO DETECTADO,NO DETECTADO,NO DETECTADO,no localizado,,No verificado,0,P1 - verificar S6,SIN CLASIFICAR - fuente S6 necesaria,NO VALIDADA,https://raw.githubusercontent.com/sven-n/MuMain/21728b1e5b03e0763b38ef9e23f79645e0df7ad2/src/bin/Data/Effects/EffectTypes.json,https://raw.githubusercontent.com/sven-n/MuMain/21728b1e5b03e0763b38ef9e23f79645e0df7ad2/src/source/Render/Effects/Behaviors/MoveHandlers.cpp
summonerSummonNeil,MODEL_SUMMONER_SUMMON_NEIL,SI,no especificados en metadatos,,,NO DETECTADO,NO DETECTADO,NO DETECTADO,effect hijo|owner,,No verificado,0,P1 - verificar S6,SIN CLASIFICAR - fuente S6 necesaria,NO VALIDADA,https://raw.githubusercontent.com/sven-n/MuMain/21728b1e5b03e0763b38ef9e23f79645e0df7ad2/src/bin/Data/Effects/EffectTypes.json,https://raw.githubusercontent.com/sven-n/MuMain/21728b1e5b03e0763b38ef9e23f79645e0df7ad2/src/source/Render/Effects/Behaviors/MoveHandlers.cpp
summonerSummonSahamutt,MODEL_SUMMONER_SUMMON_SAHAMUTT,SI,0|1|2,,,NO DETECTADO,NO DETECTADO,NO DETECTADO,modelo/bone|particle|terreno|owner,,No verificado,0,P1 - verificar S6,SIN CLASIFICAR - fuente S6 necesaria,NO VALIDADA,https://raw.githubusercontent.com/sven-n/MuMain/21728b1e5b03e0763b38ef9e23f79645e0df7ad2/src/bin/Data/Effects/EffectTypes.json,https://raw.githubusercontent.com/sven-n/MuMain/21728b1e5b03e0763b38ef9e23f79645e0df7ad2/src/source/Render/Effects/Behaviors/MoveHandlers.cpp
waveForce,MODEL_WAVE_FORCE,NO,,,,NO DETECTADO,NO DETECTADO,NO DETECTADO,terreno,,No verificado,0,P1 - verificar S6,SIN CLASIFICAR - fuente S6 necesaria,NO VALIDADA,https://raw.githubusercontent.com/sven-n/MuMain/21728b1e5b03e0763b38ef9e23f79645e0df7ad2/src/bin/Data/Effects/EffectTypes.json,https://raw.githubusercontent.com/sven-n/MuMain/21728b1e5b03e0763b38ef9e23f79645e0df7ad2/src/source/Render/Effects/Behaviors/MoveHandlers.cpp
stone1,MODEL_STONE1,NO,,,,NO DETECTADO,NO DETECTADO,NO DETECTADO,no localizado,,No verificado,32,P2 - referencia nativa,SIN CLASIFICAR - fuente S6 necesaria,NO VALIDADA,https://raw.githubusercontent.com/sven-n/MuMain/21728b1e5b03e0763b38ef9e23f79645e0df7ad2/src/bin/Data/Effects/EffectTypes.json,https://raw.githubusercontent.com/sven-n/MuMain/21728b1e5b03e0763b38ef9e23f79645e0df7ad2/src/source/Render/Effects/Behaviors/MoveHandlers.cpp
nightWater1,MODEL_NIGHTWATER_01,NO,,,,NO DETECTADO,NO DETECTADO,NO DETECTADO,vida/movimiento,,No verificado,10,P2 - referencia nativa,SIN CLASIFICAR - fuente S6 necesaria,NO VALIDADA,https://raw.githubusercontent.com/sven-n/MuMain/21728b1e5b03e0763b38ef9e23f79645e0df7ad2/src/bin/Data/Effects/EffectTypes.json,https://raw.githubusercontent.com/sven-n/MuMain/21728b1e5b03e0763b38ef9e23f79645e0df7ad2/src/source/Render/Effects/Behaviors/MoveHandlers.cpp
knightPlancrackA,MODEL_KNIGHT_PLANCRACK_A,NO,,,,NO DETECTADO,NO DETECTADO,NO DETECTADO,vida/movimiento,,No verificado,4,P2 - referencia nativa,SIN CLASIFICAR - fuente S6 necesaria,NO VALIDADA,https://raw.githubusercontent.com/sven-n/MuMain/21728b1e5b03e0763b38ef9e23f79645e0df7ad2/src/bin/Data/Effects/EffectTypes.json,https://raw.githubusercontent.com/sven-n/MuMain/21728b1e5b03e0763b38ef9e23f79645e0df7ad2/src/source/Render/Effects/Behaviors/MoveHandlers.cpp
wolfHeadEffect2,MODEL_WOLF_HEAD_EFFECT2,NO,,,,NO DETECTADO,NO DETECTADO,NO DETECTADO,modelo/bone|effect hijo|owner,,No verificado,4,P2 - referencia nativa,SIN CLASIFICAR - fuente S6 necesaria,NO VALIDADA,https://raw.githubusercontent.com/sven-n/MuMain/21728b1e5b03e0763b38ef9e23f79645e0df7ad2/src/bin/Data/Effects/EffectTypes.json,https://raw.githubusercontent.com/sven-n/MuMain/21728b1e5b03e0763b38ef9e23f79645e0df7ad2/src/source/Render/Effects/Behaviors/MoveHandlers.cpp
lightRed,BITMAP_LIGHT_RED,NO,,,,NO DETECTADO,NO DETECTADO,NO DETECTADO,modelo/bone|particle|effect hijo|terreno|owner,,No verificado,3,P2 - referencia nativa,SIN CLASIFICAR - fuente S6 necesaria,NO VALIDADA,https://raw.githubusercontent.com/sven-n/MuMain/21728b1e5b03e0763b38ef9e23f79645e0df7ad2/src/bin/Data/Effects/EffectTypes.json,https://raw.githubusercontent.com/sven-n/MuMain/21728b1e5b03e0763b38ef9e23f79645e0df7ad2/src/source/Render/Effects/Behaviors/MoveHandlers.cpp
iceSmall,MODEL_ICE_SMALL,NO,,,,NO DETECTADO,NO DETECTADO,NO DETECTADO,particle|terreno,,No verificado,3,P2 - referencia nativa,SIN CLASIFICAR - fuente S6 necesaria,NO VALIDADA,https://raw.githubusercontent.com/sven-n/MuMain/21728b1e5b03e0763b38ef9e23f79645e0df7ad2/src/bin/Data/Effects/EffectTypes.json,https://raw.githubusercontent.com/sven-n/MuMain/21728b1e5b03e0763b38ef9e23f79645e0df7ad2/src/source/Render/Effects/Behaviors/MoveHandlers.cpp
infinityArrow3,MODEL_INFINITY_ARROW3,SI,1|2|3,,,NO DETECTADO,NO DETECTADO,NO DETECTADO,no localizado,,No verificado,3,P2 - referencia nativa,SIN CLASIFICAR - fuente S6 necesaria,NO VALIDADA,https://raw.githubusercontent.com/sven-n/MuMain/21728b1e5b03e0763b38ef9e23f79645e0df7ad2/src/bin/Data/Effects/EffectTypes.json,https://raw.githubusercontent.com/sven-n/MuMain/21728b1e5b03e0763b38ef9e23f79645e0df7ad2/src/source/Render/Effects/Behaviors/MoveHandlers.cpp
tail,MODEL_TAIL,SI,no especificados en metadatos,,,NO DETECTADO,NO DETECTADO,NO DETECTADO,vida/movimiento,,No verificado,3,P2 - referencia nativa,SIN CLASIFICAR - fuente S6 necesaria,NO VALIDADA,https://raw.githubusercontent.com/sven-n/MuMain/21728b1e5b03e0763b38ef9e23f79645e0df7ad2/src/bin/Data/Effects/EffectTypes.json,https://raw.githubusercontent.com/sven-n/MuMain/21728b1e5b03e0763b38ef9e23f79645e0df7ad2/src/source/Render/Effects/Behaviors/MoveHandlers.cpp
damage01Mono,BITMAP_DAMAGE_01_MONO,SI,0|1,,,NO DETECTADO,NO DETECTADO,NO DETECTADO,vida/movimiento,,No verificado,2,P2 - referencia nativa,SIN CLASIFICAR - fuente S6 necesaria,NO VALIDADA,https://raw.githubusercontent.com/sven-n/MuMain/21728b1e5b03e0763b38ef9e23f79645e0df7ad2/src/bin/Data/Effects/EffectTypes.json,https://raw.githubusercontent.com/sven-n/MuMain/21728b1e5b03e0763b38ef9e23f79645e0df7ad2/src/source/Render/Effects/Behaviors/MoveHandlers.cpp
kundunDragonHead,MODEL_CUNDUN_DRAGON_HEAD,NO,,,,NO DETECTADO,NO DETECTADO,NO DETECTADO,joint,,No verificado,2,P2 - referencia nativa,SIN CLASIFICAR - fuente S6 necesaria,NO VALIDADA,https://raw.githubusercontent.com/sven-n/MuMain/21728b1e5b03e0763b38ef9e23f79645e0df7ad2/src/bin/Data/Effects/EffectTypes.json,https://raw.githubusercontent.com/sven-n/MuMain/21728b1e5b03e0763b38ef9e23f79645e0df7ad2/src/source/Render/Effects/Behaviors/MoveHandlers.cpp
desair,MODEL_DESAIR,SI,no especificados en metadatos,,,NO DETECTADO,NO DETECTADO,NO DETECTADO,no localizado,,No verificado,2,P2 - referencia nativa,SIN CLASIFICAR - fuente S6 necesaria,NO VALIDADA,https://raw.githubusercontent.com/sven-n/MuMain/21728b1e5b03e0763b38ef9e23f79645e0df7ad2/src/bin/Data/Effects/EffectTypes.json,https://raw.githubusercontent.com/sven-n/MuMain/21728b1e5b03e0763b38ef9e23f79645e0df7ad2/src/source/Render/Effects/Behaviors/MoveHandlers.cpp
effectBrokenIce0,MODEL_EFFECT_BROKEN_ICE0,NO,,,,NO DETECTADO,NO DETECTADO,NO DETECTADO,no localizado,,No verificado,2,P2 - referencia nativa,SIN CLASIFICAR - fuente S6 necesaria,NO VALIDADA,https://raw.githubusercontent.com/sven-n/MuMain/21728b1e5b03e0763b38ef9e23f79645e0df7ad2/src/bin/Data/Effects/EffectTypes.json,https://raw.githubusercontent.com/sven-n/MuMain/21728b1e5b03e0763b38ef9e23f79645e0df7ad2/src/source/Render/Effects/Behaviors/MoveHandlers.cpp
effectSapitresAttack2,MODEL_EFFECT_SAPITRES_ATTACK_2,NO,,,,NO DETECTADO,NO DETECTADO,NO DETECTADO,no localizado,,No verificado,2,P2 - referencia nativa,SIN CLASIFICAR - fuente S6 necesaria,NO VALIDADA,https://raw.githubusercontent.com/sven-n/MuMain/21728b1e5b03e0763b38ef9e23f79645e0df7ad2/src/bin/Data/Effects/EffectTypes.json,https://raw.githubusercontent.com/sven-n/MuMain/21728b1e5b03e0763b38ef9e23f79645e0df7ad2/src/source/Render/Effects/Behaviors/MoveHandlers.cpp
feather,MODEL_FEATHER,NO,,,,NO DETECTADO,NO DETECTADO,NO DETECTADO,no localizado,,No verificado,2,P2 - referencia nativa,SIN CLASIFICAR - fuente S6 necesaria,NO VALIDADA,https://raw.githubusercontent.com/sven-n/MuMain/21728b1e5b03e0763b38ef9e23f79645e0df7ad2/src/bin/Data/Effects/EffectTypes.json,https://raw.githubusercontent.com/sven-n/MuMain/21728b1e5b03e0763b38ef9e23f79645e0df7ad2/src/source/Render/Effects/Behaviors/MoveHandlers.cpp
knightPlancrackB,MODEL_KNIGHT_PLANCRACK_B,SI,no especificados en metadatos,,,NO DETECTADO,NO DETECTADO,NO DETECTADO,vida/movimiento,,No verificado,2,P2 - referencia nativa,SIN CLASIFICAR - fuente S6 necesaria,NO VALIDADA,https://raw.githubusercontent.com/sven-n/MuMain/21728b1e5b03e0763b38ef9e23f79645e0df7ad2/src/bin/Data/Effects/EffectTypes.json,https://raw.githubusercontent.com/sven-n/MuMain/21728b1e5b03e0763b38ef9e23f79645e0df7ad2/src/source/Render/Effects/Behaviors/MoveHandlers.cpp
raklionBossCrackEffect,MODEL_RAKLION_BOSS_CRACKEFFECT,NO,,,,NO DETECTADO,NO DETECTADO,NO DETECTADO,vida/movimiento,,No verificado,2,P2 - referencia nativa,SIN CLASIFICAR - fuente S6 necesaria,NO VALIDADA,https://raw.githubusercontent.com/sven-n/MuMain/21728b1e5b03e0763b38ef9e23f79645e0df7ad2/src/bin/Data/Effects/EffectTypes.json,https://raw.githubusercontent.com/sven-n/MuMain/21728b1e5b03e0763b38ef9e23f79645e0df7ad2/src/source/Render/Effects/Behaviors/MoveHandlers.cpp
summonerSummonNeilGround1,MODEL_SUMMONER_SUMMON_NEIL_GROUND1,SI,no especificados en metadatos,,,NO DETECTADO,NO DETECTADO,NO DETECTADO,no localizado,,No verificado,2,P2 - referencia nativa,SIN CLASIFICAR - fuente S6 necesaria,NO VALIDADA,https://raw.githubusercontent.com/sven-n/MuMain/21728b1e5b03e0763b38ef9e23f79645e0df7ad2/src/bin/Data/Effects/EffectTypes.json,https://raw.githubusercontent.com/sven-n/MuMain/21728b1e5b03e0763b38ef9e23f79645e0df7ad2/src/source/Render/Effects/Behaviors/MoveHandlers.cpp
volcanoStone,MODEL_VOLCANO_STONE,NO,,,,NO DETECTADO,NO DETECTADO,NO DETECTADO,particle|terreno,,No verificado,2,P2 - referencia nativa,SIN CLASIFICAR - fuente S6 necesaria,NO VALIDADA,https://raw.githubusercontent.com/sven-n/MuMain/21728b1e5b03e0763b38ef9e23f79645e0df7ad2/src/bin/Data/Effects/EffectTypes.json,https://raw.githubusercontent.com/sven-n/MuMain/21728b1e5b03e0763b38ef9e23f79645e0df7ad2/src/source/Render/Effects/Behaviors/MoveHandlers.cpp
wolfHeadEffect,MODEL_WOLF_HEAD_EFFECT,NO,,,,NO DETECTADO,NO DETECTADO,NO DETECTADO,modelo/bone|joint|effect hijo|owner,,No verificado,2,P2 - referencia nativa,SIN CLASIFICAR - fuente S6 necesaria,NO VALIDADA,https://raw.githubusercontent.com/sven-n/MuMain/21728b1e5b03e0763b38ef9e23f79645e0df7ad2/src/bin/Data/Effects/EffectTypes.json,https://raw.githubusercontent.com/sven-n/MuMain/21728b1e5b03e0763b38ef9e23f79645e0df7ad2/src/source/Render/Effects/Behaviors/MoveHandlers.cpp
